Employee_ID,Name,Age,Gender,Department,City,Salary,Joining_Date,Experience_Years,Email,Performance_Rating
1,Tanvi Singh,22.0,Male,Operations,Gurugram,54256.0,2019-07-26,11,tanvi.singh1@company.com,Excellent
2,Vivek Mehta,26.0,Male,Sales,Lucknow,28905.0,2019-01-19,3,vivek.mehta2@company.com,Good
3,Rohan Patel,22.0,Other,Sales,Noida,110181.0,2025-11-12,8,rohan.patel3@company.com,Needs Improvement
4,Diya Negi,38.0,Male,Data Analytics,Delhi,116506.0,2022-09-28,5,diya.negi4@company.com,Average
5,Avni Gupta,42.0,Female,IT,Dehradun,37676.0,2022-01-10,5,avni.gupta5@company.com,Average
6,Aditya Negi,55.0,Male,IT,Lucknow,97357.0,2021-04-15,10,aditya.negi6@company.com,Average
7,Shivam Gupta,25.0,Female,IT,Noida,35458.0,2020-08-11,1,shivam.gupta7@company.com,Needs Improvement
8,Ishaan Negi,44.0,Female,HR,Chandigarh,52460.0,2025-07-08,4,ishaan.negi8@company.com,Excellent
9,Simran Verma,39.0,Male,Operations,Noida,85589.0,2022-04-04,4,simran.verma9@company.com,Good
10,Vivek Kumar,24.0,Female,HR,Delhi,77581.0,2021-01-01,1,vivek.kumar10@company.com,Good
11,Shivam Kumar,34.0,Female,Operations,Jaipur,109259.0,2023-02-23,2,shivam.kumar11@company.com,Average
12,Aryan Gupta,55.0,Female,Finance,Bengaluru,101484.0,2022-06-24,5,aryan.gupta12@company.com,Good
13,Aryan Mehta,52.0,Male,IT,Delhi,45033.0,2025-01-14,2,aryan.mehta13@company.com,Needs Improvement
14,Simran Singh,45.0,Female,Marketing,Bengaluru,94352.0,2020-10-26,8,simran.singh14@company.com,Excellent
15,Vivek Singh,55.0,Other,Data Analytics,Gurugram,69587.0,2019-04-02,4,vivek.singh15@company.com,Needs Improvement
16,Ayush Negi,21.0,Other,Operations,Gurugram,74272.0,2023-09-11,1,ayush.negi16@company.com,Average
17,Tanvi Mehta,33.0,Male,HR,Chandigarh,95697.0,2023-12-13,0,tanvi.mehta17@company.com,Average
18,Riya Sharma,28.0,Male,IT,Gurugram,32592.0,2020-09-13,9,riya.sharma18@company.com,Excellent
19,Anjali Negi,25.0,Male,Data Analytics,Mumbai,41828.0,2025-05-26,7,anjali.negi19@company.com,Good
20,Isha Mehta,48.0,Male,HR,Mumbai,115422.0,2020-04-03,11,isha.mehta20@company.com,Average
21,Neha Kumar,49.0,Male,Sales,Jaipur,57493.0,2020-07-09,1,neha.kumar21@company.com,Average
22,Aditi Patel,35.0,Male,Sales,Noida,34305.0,2025-12-09,10,aditi.patel22@company.com,Excellent
23,Diya Singh,23.0,Male,Unknown,Chandigarh,92391.0,2020-09-01,4,diya.singh23@company.com,Needs Improvement
24,Deepak Mehta,29.0,Other,Operations,Bengaluru,86953.0,2020-09-22,12,deepak.mehta24@company.com,Needs Improvement
25,Nikhil Gupta,27.0,Female,IT,Lucknow,80519.0,2022-08-11,7,nikhil.gupta25@company.com,Excellent
26,Vivek Singh,24.0,Male,Marketing,Chandigarh,57591.0,2020-02-24,3,vivek.singh26@company.com,Needs Improvement
27,Aryan Rawat,32.0,Male,Finance,Jaipur,34880.0,2022-12-21,12,aryan.rawat27@company.com,Excellent
28,Akash Mehta,21.0,Male,IT,Noida,78269.0,2023-06-13,7,akash.mehta28@company.com,Good
29,Neha Sharma,31.0,Female,Marketing,Delhi,59760.0,2023-02-07,4,neha.sharma29@company.com,Needs Improvement
30,Yash Mehta,52.0,Female,Finance,Noida,53534.0,2018-08-28,9,yash.mehta30@company.com,Excellent
31,Khushi Sharma,24.0,Other,Sales,Jaipur,94615.0,2019-10-07,0,khushi.sharma31@company.com,Excellent
32,Bhavya Singh,25.0,Female,Operations,Noida,40713.0,2024-05-22,3,bhavya.singh32@company.com,Excellent
33,Sneha Singh,47.0,Other,Operations,Bengaluru,93522.0,2021-07-19,4,sneha.singh33@company.com,Good
34,Vikas Kumar,36.0,Male,Finance,Lucknow,113039.0,2025-03-28,4,vikas.kumar34@company.com,Needs Improvement
35,Khushi Singh,21.0,Other,Marketing,Bengaluru,38104.0,2018-10-28,8,khushi.singh35@company.com,Good
36,Rohan Joshi,29.0,Male,Finance,Delhi,73434.0,2021-03-13,2,rohan.joshi36@company.com,Needs Improvement
37,Samar Joshi,54.0,Female,IT,Mumbai,111951.0,2019-03-01,2,samar.joshi37@company.com,Average
38,Arnav Singh,39.0,Other,Finance,Gurugram,52607.0,2026-01-18,5,arnav.singh38@company.com,Good
39,Vivek Joshi,53.0,Male,Marketing,Gurugram,37097.0,2025-02-11,6,vivek.joshi39@company.com,Average
40,Aditya Sharma,42.0,Other,Data Analytics,Haridwar,59335.0,2019-10-24,11,aditya.sharma40@company.com,Needs Improvement
41,Sameer Rawat,21.0,Other,IT,Dehradun,44536.0,2024-02-13,0,sameer.rawat41@company.com,Average
42,Shreya Mehta,30.0,Male,Marketing,Haridwar,65404.0,2022-02-02,12,shreya.mehta42@company.com,Excellent
43,Meera Gupta,36.0,Female,Operations,Dehradun,55000.0,2022-07-23,9,meera.gupta43@company.com,Good
44,Gaurav Verma,32.0,Male,Marketing,Delhi,68540.0,2022-08-14,12,gaurav.verma44@company.com,Good
45,Ishaan Verma,27.0,Female,Marketing,Delhi,54154.0,2022-01-27,7,ishaan.verma45@company.com,Average
46,Kavya Gupta,35.0,Female,IT,Noida,68025.0,2021-02-15,1,kavya.gupta46@company.com,Average
47,Meera Mehta,46.0,Female,Finance,Mumbai,28617.0,2019-04-18,4,meera.mehta47@company.com,Good
48,Shreya Joshi,23.0,Female,IT,Bengaluru,70309.0,2026-03-04,12,shreya.joshi48@company.com,Average
49,Pooja Patel,53.0,Other,IT,Lucknow,49914.0,2020-11-09,0,pooja.patel49@company.com,Needs Improvement
50,Aarav Mehta,55.0,Female,Operations,Noida,81531.0,2018-10-14,10,aarav.mehta50@company.com,Average
51,Sneha Kumar,28.0,Other,Operations,Gurugram,65538.0,2025-06-24,6,sneha.kumar51@company.com,Average
52,Neha Joshi,29.0,Other,HR,Lucknow,74695.0,2025-08-06,11,neha.joshi52@company.com,Good
53,Sneha Patel,40.0,Male,Marketing,Mumbai,64829.0,2021-03-21,3,sneha.patel53@company.com,Needs Improvement
54,Shreya Patel,41.0,Female,Marketing,Jaipur,113555.0,2020-05-25,8,shreya.patel54@company.com,Needs Improvement
55,Ayush Singh,39.0,Female,Sales,Bengaluru,37240.0,2020-08-20,10,ayush.singh55@company.com,Average
56,Diya Gupta,26.0,Male,IT,Delhi,87277.0,2024-11-08,12,diya.gupta56@company.com,Excellent
57,Priya Rawat,33.0,Female,Operations,Lucknow,77383.0,2020-09-26,2,priya.rawat57@company.com,Excellent
58,Arjun Rawat,35.0,Female,HR,Mumbai,31582.0,2024-04-02,3,arjun.rawat58@company.com,Excellent
59,Priya Verma,50.0,Male,Operations,Mumbai,103047.0,2021-07-23,12,priya.verma59@company.com,Needs Improvement
60,Sneha Mehta,48.0,Female,Data Analytics,Mumbai,45861.0,2023-04-29,7,sneha.mehta60@company.com,Average
61,Gaurav Joshi,54.0,Female,Marketing,Noida,82654.0,2018-11-14,11,gaurav.joshi61@company.com,Average
62,Gaurav Joshi,42.0,Male,Finance,Mumbai,43136.0,2019-09-10,3,gaurav.joshi62@company.com,Excellent
63,Yash Verma,34.0,Female,IT,Lucknow,74272.0,2024-02-01,7,yash.verma63@company.com,Needs Improvement
64,Akash Gupta,47.0,Other,Marketing,Bengaluru,27560.0,2024-06-16,6,akash.gupta64@company.com,Needs Improvement
65,Aarav Kumar,40.0,Female,Data Analytics,Lucknow,95545.0,2024-02-15,12,aarav.kumar65@company.com,Good
66,Riya Gupta,38.0,Male,Marketing,Jaipur,75968.0,2021-10-08,10,riya.gupta66@company.com,Needs Improvement
67,Ayush Negi,29.0,Male,Sales,Mumbai,76645.0,2024-08-21,9,ayush.negi67@company.com,Excellent
68,Anjali Rawat,29.0,Male,Data Analytics,Jaipur,31590.0,2020-12-01,6,anjali.rawat68@company.com,Average
69,Deepak Negi,41.0,Female,Finance,Dehradun,80255.0,2020-10-30,1,deepak.negi69@company.com,Needs Improvement
70,Aditi Mehta,24.0,Other,Finance,Noida,33993.0,2025-04-23,0,aditi.mehta70@company.com,Excellent
71,Gaurav Gupta,22.0,Male,Sales,Haridwar,41544.0,2023-04-24,10,gaurav.gupta71@company.com,Excellent
72,Shivam Gupta,50.0,Female,Operations,Gurugram,46992.0,2024-10-17,9,shivam.gupta72@company.com,Excellent
73,Ayush Joshi,27.0,Female,Sales,Delhi,100470.0,2025-08-06,6,ayush.joshi73@company.com,Needs Improvement
74,Zoya Gupta,25.0,Male,HR,Noida,116382.0,2021-05-20,10,zoya.gupta74@company.com,Excellent
75,Shivam Sharma,43.0,Other,Sales,Lucknow,73571.0,2018-10-10,8,shivam.sharma75@company.com,Average
76,Aarav Rawat,52.0,Female,IT,Lucknow,108307.0,2023-02-27,11,aarav.rawat76@company.com,Good
77,Pooja Verma,39.0,Other,Operations,Gurugram,95539.0,2023-06-04,7,pooja.verma77@company.com,Needs Improvement
78,Shreya Joshi,41.0,Male,Data Analytics,Noida,61559.0,2023-01-21,3,shreya.joshi78@company.com,Needs Improvement
79,Shivam Patel,45.0,Female,Finance,Delhi,67600.0,2020-01-15,7,shivam.patel79@company.com,Good
80,Meera Joshi,42.0,Other,Finance,Bengaluru,61211.0,2024-03-26,0,meera.joshi80@company.com,Good
81,Anjali Gupta,47.0,Male,Marketing,Mumbai,115519.0,2023-05-05,10,anjali.gupta81@company.com,Needs Improvement
82,Pranav Sharma,26.0,Female,Finance,Noida,115673.0,2020-09-23,4,pranav.sharma82@company.com,Average
83,Rahul Mehta,54.0,Other,Finance,Lucknow,97140.0,2021-09-16,5,rahul.mehta83@company.com,Needs Improvement
84,Ishaan Joshi,37.0,Other,Unknown,Dehradun,50242.0,2021-07-16,1,ishaan.joshi84@company.com,Good
85,Chetan Gupta,51.0,Other,Finance,Bengaluru,103222.0,2021-03-05,1,chetan.gupta85@company.com,Good
86,Karan Gupta,44.0,Male,HR,Gurugram,117801.0,2023-12-28,2,karan.gupta86@company.com,Average
87,Aditya Sharma,39.0,Other,Operations,Haridwar,89340.0,2019-02-25,0,aditya.sharma87@company.com,Average
88,Rahul Negi,49.0,Male,Finance,Haridwar,58092.0,2023-05-11,1,rahul.negi88@company.com,Excellent
89,Neha Negi,25.0,Male,Sales,Delhi,44555.0,2024-04-24,4,neha.negi89@company.com,Excellent
90,Gaurav Singh,47.0,Other,Sales,Bengaluru,54581.0,2023-11-11,6,gaurav.singh90@company.com,Needs Improvement
91,Pranav Joshi,48.0,Other,Finance,Bengaluru,32894.0,2024-11-02,11,pranav.joshi91@company.com,Excellent
92,Deepak Gupta,37.0,Female,Operations,Dehradun,56439.0,2019-12-13,8,deepak.gupta92@company.com,Excellent
93,Ayush Sharma,47.0,Female,Marketing,Bengaluru,63175.0,2018-05-14,3,ayush.sharma93@company.com,Average
94,Zoya Joshi,50.0,Female,IT,Noida,106927.0,2024-08-12,10,zoya.joshi94@company.com,Good
95,Pooja Singh,55.0,Female,HR,Haridwar,43643.0,2018-10-20,0,pooja.singh95@company.com,Good
96,Kavya Patel,39.0,Female,Marketing,Dehradun,115266.0,2021-05-30,11,kavya.patel96@company.com,Needs Improvement
97,Ishaan Mehta,55.0,Male,HR,Jaipur,103385.0,2018-06-13,6,ishaan.mehta97@company.com,Average
98,Simran Joshi,22.0,Other,IT,Noida,100392.0,2024-08-01,0,simran.joshi98@company.com,Average
99,Shivam Sharma,32.0,Other,Marketing,Mumbai,82963.0,2021-02-13,2,shivam.sharma99@company.com,Needs Improvement
100,Tanvi Negi,26.0,Female,Marketing,Chandigarh,68687.0,2021-08-08,10,tanvi.negi100@company.com,Excellent
101,Ayush Kumar,47.0,Female,Operations,Jaipur,111846.0,2022-06-29,12,ayush.kumar101@company.com,Excellent
102,Priya Singh,41.0,Male,Finance,Chandigarh,74272.0,2023-10-09,0,priya.singh102@company.com,Needs Improvement
103,Nikhil Sharma,33.0,Other,Sales,Chandigarh,90338.0,2025-01-05,7,nikhil.sharma103@company.com,Excellent
104,Deepak Joshi,29.0,Other,Finance,Jaipur,88532.0,2019-05-13,0,deepak.joshi104@company.com,Good
105,Zoya Verma,40.0,Other,Sales,Delhi,78476.0,2019-01-17,3,zoya.verma105@company.com,Excellent
106,Priya Singh,30.0,Other,Marketing,Gurugram,117459.0,2021-01-24,6,priya.singh106@company.com,Needs Improvement
107,Rahul Gupta,50.0,Female,Sales,Haridwar,49983.0,2024-09-21,8,rahul.gupta107@company.com,Good
108,Ananya Joshi,47.0,Female,Finance,Mumbai,25336.0,2021-03-04,11,ananya.joshi108@company.com,Average
109,Shreya Patel,52.0,Female,Data Analytics,Haridwar,95592.0,2023-06-07,5,shreya.patel109@company.com,Average
110,Sameer Mehta,45.0,Male,Marketing,Dehradun,116422.0,2020-09-05,9,sameer.mehta110@company.com,Needs Improvement
111,Diya Rawat,23.0,Other,Finance,Jaipur,74968.0,2022-05-01,10,diya.rawat111@company.com,Good
112,Riya Sharma,29.0,Female,Sales,Bengaluru,38154.0,2022-12-09,1,riya.sharma112@company.com,Needs Improvement
113,Aarav Verma,47.0,Male,Data Analytics,Haridwar,86537.0,2020-12-21,5,aarav.verma113@company.com,Needs Improvement
114,Varun Singh,42.0,Female,Data Analytics,Mumbai,66505.0,2025-01-11,11,varun.singh114@company.com,Needs Improvement
115,Samar Sharma,25.0,Male,HR,Gurugram,36846.0,2022-11-13,1,samar.sharma115@company.com,Excellent
116,Pranav Verma,40.0,Female,IT,Delhi,32355.0,2021-04-16,5,pranav.verma116@company.com,Average
117,Pooja Verma,36.0,Other,Sales,Lucknow,65000.0,2020-01-08,2,pooja.verma117@company.com,Good
118,Anjali Patel,45.0,Female,Sales,Noida,101435.0,2019-08-10,3,anjali.patel118@company.com,Needs Improvement
119,Tanvi Joshi,39.0,Female,Finance,Delhi,62700.0,2025-08-07,8,tanvi.joshi119@company.com,Good
120,Ananya Negi,43.0,Other,Sales,Gurugram,80615.0,2022-01-27,4,ananya.negi120@company.com,Needs Improvement
121,Kavya Gupta,45.0,Male,Data Analytics,Jaipur,56091.0,2022-04-12,9,kavya.gupta121@company.com,Average
122,Shivam Joshi,39.0,Female,IT,Lucknow,26061.0,2024-05-07,10,shivam.joshi122@company.com,Excellent
123,Simran Negi,39.0,Other,Data Analytics,Noida,71179.0,2020-06-16,10,simran.negi123@company.com,Good
124,Sneha Joshi,29.0,Other,Operations,Dehradun,109717.0,2018-06-11,4,sneha.joshi124@company.com,Needs Improvement
125,Aditya Patel,44.0,Male,Operations,Haridwar,63680.0,2021-08-31,11,aditya.patel125@company.com,Needs Improvement
126,Bhavya Gupta,29.0,Female,Data Analytics,Mumbai,94579.0,2023-08-18,4,bhavya.gupta126@company.com,Good
127,Isha Negi,39.0,Male,Operations,Chandigarh,86385.0,2018-11-05,2,isha.negi127@company.com,Good
128,Vivek Rawat,44.0,Male,IT,Lucknow,59663.0,2024-01-07,1,vivek.rawat128@company.com,Needs Improvement
129,Mohit Joshi,45.0,Male,Data Analytics,Chandigarh,113452.0,2020-08-15,7,mohit.joshi129@company.com,Good
130,Sneha Mehta,41.0,Other,Sales,Noida,33285.0,2025-02-15,7,sneha.mehta130@company.com,Average
131,Varun Rawat,28.0,Male,HR,Delhi,64893.0,2023-07-11,1,varun.rawat131@company.com,Excellent
132,Gaurav Mehta,29.0,Female,Marketing,Jaipur,112881.0,2025-10-23,8,gaurav.mehta132@company.com,Needs Improvement
133,Shreya Verma,47.0,Female,Marketing,Dehradun,105694.0,2022-07-30,4,shreya.verma133@company.com,Excellent
134,Yash Kumar,34.0,Male,Marketing,Jaipur,72537.0,2019-02-11,10,yash.kumar134@company.com,Average
135,Samar Kumar,24.0,Male,Marketing,Gurugram,41011.0,2023-02-06,1,samar.kumar135@company.com,Good
136,Varun Patel,22.0,Male,IT,Chandigarh,41505.0,2024-05-01,3,varun.patel136@company.com,Excellent
137,Sameer Gupta,34.0,Female,Data Analytics,Noida,44340.0,2024-09-07,0,sameer.gupta137@company.com,Average
138,Avni Verma,55.0,Male,Unknown,Haridwar,111646.0,2018-04-16,2,avni.verma138@company.com,Excellent
139,Meera Gupta,41.0,Female,IT,Haridwar,31868.0,2019-06-04,11,meera.gupta139@company.com,Needs Improvement
140,Sakshi Singh,25.0,Female,Marketing,Jaipur,92271.0,2024-08-28,1,sakshi.singh140@company.com,Needs Improvement
141,Rohan Gupta,23.0,Female,Operations,Mumbai,85036.0,2025-03-20,0,rohan.gupta141@company.com,Excellent
142,Rahul Rawat,48.0,Female,Operations,Dehradun,118375.0,2022-12-22,1,rahul.rawat142@company.com,Excellent
143,Khushi Patel,30.0,Female,IT,Haridwar,106830.0,2025-02-06,9,khushi.patel143@company.com,Average
144,Naina Patel,54.0,Other,Finance,Jaipur,104354.0,2022-10-29,1,naina.patel144@company.com,Excellent
145,Varun Mehta,34.0,Female,Marketing,Jaipur,79239.0,2021-10-20,7,varun.mehta145@company.com,Needs Improvement
146,Nikhil Singh,41.0,Other,Marketing,Chandigarh,74272.0,2022-03-14,2,nikhil.singh146@company.com,Needs Improvement
147,Ananya Singh,26.0,Male,IT,Lucknow,73843.0,2019-06-17,8,ananya.singh147@company.com,Excellent
148,Shreya Mehta,42.0,Female,Operations,Dehradun,71346.0,2025-06-18,12,shreya.mehta148@company.com,Needs Improvement
149,Akash Joshi,40.0,Other,Finance,Dehradun,91507.0,2020-05-21,2,akash.joshi149@company.com,Needs Improvement
150,Diya Singh,43.0,Female,Data Analytics,Mumbai,40058.0,2021-02-15,9,diya.singh150@company.com,Good
151,Pooja Mehta,22.0,Male,Sales,Gurugram,48647.0,2021-01-24,11,pooja.mehta151@company.com,Average
152,Manish Kumar,21.0,Other,HR,Noida,111159.0,2022-06-30,1,manish.kumar152@company.com,Good
153,Tanvi Sharma,26.0,Male,Operations,Mumbai,74308.0,2022-09-16,7,tanvi.sharma153@company.com,Average
154,Ayush Kumar,40.0,Other,Operations,Chandigarh,103148.0,2018-12-14,0,ayush.kumar154@company.com,Good
155,Ayush Patel,24.0,Female,Operations,Dehradun,83079.0,2025-06-04,6,AYUSH.PATEL155@COMPANY.COM,Needs Improvement
156,Simran Negi,47.0,Other,Finance,Noida,39918.0,2021-11-14,6,simran.negi156@company.com,Excellent
157,Karan Patel,52.0,Male,Sales,Gurugram,53903.0,2022-06-07,9,karan.patel157@company.com,Excellent
158,Aarav Gupta,40.0,Female,HR,Haridwar,62938.0,2021-09-05,1,aarav.gupta158@company.com,Excellent
159,Riya Rawat,32.0,Other,HR,Lucknow,117231.0,2020-07-31,8,riya.rawat159@company.com,Average
160,Ananya Rawat,23.0,Female,Marketing,Delhi,35205.0,2021-07-06,9,ananya.rawat160@company.com,Needs Improvement
161,Shivam Rawat,47.0,Female,Finance,Dehradun,27733.0,2021-08-23,2,shivam.rawat161@company.com,Needs Improvement
162,Yash Kumar,26.0,Male,Marketing,Dehradun,82104.0,2024-08-09,6,yash.kumar162@company.com,Excellent
163,Neha Joshi,42.0,Male,HR,Chandigarh,35011.0,2023-09-22,10,neha.joshi163@company.com,Excellent
164,Sakshi Mehta,33.0,Female,Data Analytics,Chandigarh,109599.0,2019-08-28,3,sakshi.mehta164@company.com,Excellent
165,Avni Joshi,39.0,Male,HR,Bengaluru,110918.0,2018-11-05,2,avni.joshi165@company.com,Needs Improvement
166,Priya Patel,49.0,Other,Operations,Bengaluru,108269.0,2025-01-02,5,priya.patel166@company.com,Average
167,Avni Negi,25.0,Other,Marketing,Jaipur,64691.0,2021-01-30,9,avni.negi167@company.com,Excellent
168,Meera Mehta,25.0,Female,Finance,Jaipur,29929.0,2018-08-22,5,meera.mehta168@company.com,Average
169,Ananya Singh,53.0,Other,Marketing,Jaipur,97655.0,2018-06-18,7,ananya.singh169@company.com,Good
170,Khushi Patel,51.0,Male,Sales,Haridwar,84050.0,2019-02-28,12,khushi.patel170@company.com,Average
171,Zoya Singh,53.0,Male,Operations,Haridwar,57472.0,2025-12-08,7,zoya.singh171@company.com,Needs Improvement
172,Sakshi Mehta,31.0,Female,Finance,Chandigarh,75779.0,2022-08-02,12,sakshi.mehta172@company.com,Average
173,Vivek Patel,24.0,Male,Data Analytics,Chandigarh,68213.0,2019-01-23,8,vivek.patel173@company.com,Needs Improvement
174,Karan Joshi,29.0,Other,Finance,Dehradun,111980.0,2019-08-03,5,karan.joshi174@company.com,Average
175,Varun Rawat,29.0,Female,Sales,Dehradun,98259.0,2022-03-23,10,varun.rawat175@company.com,Average
176,Aryan Mehta,26.0,Other,Operations,Lucknow,72425.0,2018-03-16,5,aryan.mehta176@company.com,Average
177,Bhavya Gupta,42.0,Male,Data Analytics,Jaipur,54693.0,2019-07-18,2,bhavya.gupta177@company.com,Excellent
178,Karan Singh,53.0,Other,Marketing,Mumbai,94013.0,2018-06-04,10,karan.singh178@company.com,Average
179,Sneha Verma,45.0,Male,HR,Haridwar,115812.0,2025-01-02,12,sneha.verma179@company.com,Good
180,Pranav Sharma,47.0,Female,Finance,Noida,105031.0,2021-03-13,12,pranav.sharma180@company.com,Needs Improvement
181,Diya Mehta,36.0,Male,Finance,Jaipur,73213.0,2025-08-10,9,diya.mehta181@company.com,Needs Improvement
182,Priya Joshi,45.0,Female,Sales,Mumbai,46241.0,2022-01-27,12,priya.joshi182@company.com,Good
183,Isha Sharma,51.0,Other,Data Analytics,Chandigarh,38446.0,2025-12-23,8,isha.sharma183@company.com,Excellent
184,Karan Singh,31.0,Other,Finance,Jaipur,44313.0,2022-11-27,1,karan.singh184@company.com,Good
185,Pranav Kumar,22.0,Female,Marketing,Delhi,90799.0,2022-03-12,3,pranav.kumar185@company.com,Needs Improvement
186,Anjali Kumar,35.0,Male,IT,Chandigarh,118677.0,2025-04-16,5,anjali.kumar186@company.com,Good
187,Aryan Sharma,39.0,Other,Data Analytics,Jaipur,43191.0,2025-11-29,7,aryan.sharma187@company.com,Needs Improvement
188,Sneha Sharma,26.0,Male,IT,Gurugram,44597.0,2024-02-26,11,sneha.sharma188@company.com,Needs Improvement
189,Arnav Joshi,36.0,Male,Finance,Dehradun,56252.0,2022-09-16,10,arnav.joshi189@company.com,Needs Improvement
190,Ananya Singh,52.0,Male,Sales,Mumbai,107831.0,2023-10-12,9,ananya.singh190@company.com,Good
191,Zoya Verma,39.0,Other,Marketing,Delhi,71244.0,2020-09-12,9,zoya.verma191@company.com,Needs Improvement
192,Bhavya Singh,54.0,Other,Finance,Dehradun,96313.0,2023-09-10,12,bhavya.singh192@company.com,Excellent
193,Naina Negi,23.0,Female,Unknown,Lucknow,58246.0,2018-03-08,5,naina.negi193@company.com,Excellent
194,Meera Gupta,27.0,Other,Data Analytics,Bengaluru,68583.0,2019-07-01,0,meera.gupta194@company.com,Average
195,Samar Kumar,32.0,Other,Data Analytics,Jaipur,87722.0,2025-01-31,2,samar.kumar195@company.com,Good
196,Ananya Negi,23.0,Male,Finance,Noida,51144.0,2018-06-21,5,ananya.negi196@company.com,Average
197,Rohan Rawat,55.0,Male,Marketing,Gurugram,74272.0,2020-02-22,4,rohan.rawat197@company.com,Average
198,Akash Kumar,38.0,Female,IT,Chandigarh,77431.0,2022-12-07,6,akash.kumar198@company.com,Average
199,Bhavya Negi,52.0,Female,Finance,Mumbai,35828.0,2026-02-26,6,bhavya.negi199@company.com,Excellent
200,Pooja Patel,32.0,Female,Sales,Gurugram,38447.0,2018-11-24,5,pooja.patel200@company.com,Average
201,Kavya Negi,48.0,Female,HR,Jaipur,83606.0,2018-06-23,11,kavya.negi201@company.com,Average
202,Sneha Rawat,38.0,Male,Operations,Delhi,112973.0,2025-02-24,6,sneha.rawat202@company.com,Average
203,Rohan Verma,22.0,Other,HR,Bengaluru,82432.0,2018-05-23,2,rohan.verma203@company.com,Excellent
204,Gaurav Kumar,44.0,Male,Marketing,Bengaluru,104310.0,2019-09-21,10,gaurav.kumar204@company.com,Needs Improvement
205,Mohit Kumar,49.0,Other,Data Analytics,Dehradun,43047.0,2023-12-09,5,mohit.kumar205@company.com,Needs Improvement
206,Khushi Joshi,36.0,Other,IT,Delhi,49385.0,2023-08-07,8,khushi.joshi206@company.com,Needs Improvement
207,Sameer Singh,37.0,Male,Data Analytics,Gurugram,83493.0,2020-05-28,9,sameer.singh207@company.com,Average
208,Yash Negi,33.0,Male,IT,Haridwar,84250.0,2019-12-09,11,yash.negi208@company.com,Needs Improvement
209,Anjali Kumar,43.0,Other,Operations,Dehradun,96063.0,2021-04-04,4,anjali.kumar209@company.com,Good
210,Zoya Verma,44.0,Male,Sales,Noida,51342.0,2019-07-23,3,zoya.verma210@company.com,Needs Improvement
211,Aditi Kumar,44.0,Male,Marketing,Mumbai,105209.0,2018-12-20,1,aditi.kumar211@company.com,Average
212,Neha Negi,54.0,Other,Marketing,Lucknow,34666.0,2019-05-29,5,neha.negi212@company.com,Excellent
213,Pranav Negi,54.0,Other,Finance,Haridwar,108859.0,2024-08-04,2,pranav.negi213@company.com,Good
214,Pooja Mehta,24.0,Other,Data Analytics,Dehradun,45056.0,2021-05-30,2,pooja.mehta214@company.com,Good
215,Khushi Gupta,43.0,Male,Sales,Gurugram,57847.0,2020-03-15,10,khushi.gupta215@company.com,Average
216,Aryan Joshi,55.0,Other,IT,Mumbai,47103.0,2024-08-21,9,aryan.joshi216@company.com,Good
217,Ayush Patel,42.0,Male,Data Analytics,Bengaluru,28718.0,2018-11-29,0,ayush.patel217@company.com,Average
218,Varun Gupta,47.0,Female,Sales,Delhi,107203.0,2024-02-13,4,varun.gupta218@company.com,Average
219,Rahul Gupta,46.0,Male,Finance,Jaipur,115257.0,2018-09-03,2,rahul.gupta219@company.com,Needs Improvement
220,Nikhil Negi,39.0,Other,HR,Chandigarh,43830.0,2021-07-04,11,nikhil.negi220@company.com,Average
221,Meera Rawat,29.0,Other,Data Analytics,Chandigarh,98616.0,2019-03-11,5,meera.rawat221@company.com,Good
222,Priya Singh,38.0,Male,Sales,Noida,37689.0,2018-07-27,4,priya.singh222@company.com,Needs Improvement
223,Sneha Rawat,36.0,Female,Data Analytics,Haridwar,100718.0,2026-02-01,5,sneha.rawat223@company.com,Good
224,Ayush Negi,53.0,Female,Marketing,Jaipur,90191.0,2018-04-05,1,ayush.negi224@company.com,Needs Improvement
225,Rohan Negi,36.0,Female,HR,Bengaluru,31377.0,2018-07-27,4,rohan.negi225@company.com,Needs Improvement
226,Simran Negi,39.0,Male,Sales,Delhi,81482.0,2019-07-03,4,simran.negi226@company.com,Average
227,Neha Kumar,23.0,Other,Marketing,Delhi,98638.0,2020-03-08,5,neha.kumar227@company.com,Average
228,Ananya Rawat,53.0,Female,Marketing,Mumbai,72000.0,2025-08-18,9,ananya.rawat228@company.com,Excellent
229,Aryan Singh,46.0,Other,Finance,Chandigarh,72920.0,2019-08-14,3,aryan.singh229@company.com,Needs Improvement
230,Rohan Sharma,23.0,Other,IT,Haridwar,68652.0,2023-04-25,8,rohan.sharma230@company.com,Needs Improvement
231,Avni Patel,53.0,Other,HR,Chandigarh,66750.0,2019-10-28,6,avni.patel231@company.com,Average
232,Shreya Kumar,53.0,Other,Data Analytics,Mumbai,89205.0,2025-12-12,9,shreya.kumar232@company.com,Average
233,Rahul Sharma,44.0,Female,Finance,Dehradun,101507.0,2021-06-14,12,rahul.sharma233@company.com,Excellent
234,Simran Negi,37.0,Other,Operations,Noida,54824.0,2026-02-02,0,simran.negi234@company.com,Needs Improvement
235,Ayush Mehta,45.0,Male,HR,Noida,100047.0,2025-11-09,1,ayush.mehta235@company.com,Good
236,Aditi Negi,41.0,Female,Marketing,Haridwar,115505.0,2020-04-15,6,aditi.negi236@company.com,Needs Improvement
237,Akash Verma,54.0,Female,HR,Mumbai,111799.0,2023-05-14,8,akash.verma237@company.com,Needs Improvement
238,Khushi Verma,50.0,Other,Sales,Chandigarh,71437.0,2025-07-31,12,khushi.verma238@company.com,Average
239,Sneha Negi,33.0,Other,HR,Gurugram,74272.0,2020-07-10,4,sneha.negi239@company.com,Average
240,Zoya Gupta,52.0,Female,Finance,Jaipur,98464.0,2026-02-03,4,zoya.gupta240@company.com,Average
241,Arnav Patel,55.0,Female,Marketing,Lucknow,44198.0,2021-04-04,0,arnav.patel241@company.com,Average
242,Zoya Singh,43.0,Other,Marketing,Gurugram,87793.0,2020-05-26,3,zoya.singh242@company.com,Average
243,Sameer Joshi,29.0,Other,IT,Bengaluru,101917.0,2020-09-07,3,sameer.joshi243@company.com,Excellent
244,Vikas Mehta,35.0,Male,Operations,Noida,38133.0,2022-08-20,5,vikas.mehta244@company.com,Needs Improvement
245,Arjun Verma,21.0,Female,Sales,Haridwar,110575.0,2023-05-03,7,arjun.verma245@company.com,Good
246,Karan Kumar,39.0,Male,Operations,Delhi,110498.0,2024-06-09,3,karan.kumar246@company.com,Excellent
247,Bhavya Rawat,32.0,Female,IT,Lucknow,49420.0,2021-03-31,0,bhavya.rawat247@company.com,Excellent
248,Kavya Patel,27.0,Female,Finance,Gurugram,109058.0,2024-02-04,8,kavya.patel248@company.com,Needs Improvement
249,Aryan Mehta,50.0,Male,Finance,Noida,68343.0,2019-10-28,11,aryan.mehta249@company.com,Needs Improvement
250,Varun Joshi,32.0,Female,IT,Chandigarh,99420.0,2025-07-25,12,varun.joshi250@company.com,Good
251,Bhavya Patel,46.0,Other,Data Analytics,Lucknow,67982.0,2018-12-22,6,bhavya.patel251@company.com,Excellent
252,Bhavya Verma,51.0,Male,Finance,Noida,59181.0,2022-04-21,3,bhavya.verma252@company.com,Needs Improvement
253,Ishaan Kumar,40.0,Male,Sales,Bengaluru,59282.0,2025-05-01,5,ishaan.kumar253@company.com,Good
254,Akash Singh,50.0,Female,Finance,Haridwar,114925.0,2023-08-21,11,akash.singh254@company.com,Average
255,Yash Singh,39.0,Male,Finance,Bengaluru,53721.0,2019-07-02,7,yash.singh255@company.com,Good
256,Priya Patel,44.0,Female,Marketing,Mumbai,95453.0,2025-06-13,3,priya.patel256@company.com,Good
257,Vivek Patel,26.0,Other,Unknown,Jaipur,117244.0,2022-01-21,1,vivek.patel257@company.com,Excellent
258,Akash Mehta,53.0,Other,HR,Bengaluru,44641.0,2019-11-05,5,akash.mehta258@company.com,Needs Improvement
259,Arnav Gupta,52.0,Female,IT,Mumbai,32292.0,2023-02-01,2,arnav.gupta259@company.com,Needs Improvement
260,Priya Patel,24.0,Other,Sales,Jaipur,65392.0,2026-02-10,0,priya.patel260@company.com,Needs Improvement
261,Isha Sharma,34.0,Male,Sales,Dehradun,80534.0,2021-11-12,11,isha.sharma261@company.com,Excellent
262,Samar Sharma,25.0,Female,Marketing,Delhi,78591.0,2020-01-08,12,samar.sharma262@company.com,Good
263,Varun Rawat,44.0,Female,Marketing,Jaipur,74236.0,2018-11-25,10,varun.rawat263@company.com,Good
264,Varun Kumar,28.0,Female,HR,Mumbai,94316.0,2022-01-27,11,varun.kumar264@company.com,Good
265,Aarav Sharma,40.0,Female,Marketing,Mumbai,94721.0,2022-04-03,3,aarav.sharma265@company.com,Good
266,Priya Kumar,30.0,Other,Finance,Noida,39790.0,2018-05-12,12,priya.kumar266@company.com,Needs Improvement
267,Sneha Sharma,36.0,Male,HR,Dehradun,102849.0,2018-05-18,7,sneha.sharma267@company.com,Excellent
268,Gaurav Sharma,46.0,Other,Marketing,Noida,53477.0,2018-08-20,2,gaurav.sharma268@company.com,Average
269,Diya Patel,41.0,Other,Sales,Bengaluru,67030.0,2020-08-28,4,diya.patel269@company.com,Good
270,Vikas Mehta,35.0,Female,Marketing,Gurugram,32989.0,2024-03-30,9,vikas.mehta270@company.com,Good
271,Tanvi Rawat,52.0,Other,IT,Chandigarh,112994.0,2022-04-11,12,tanvi.rawat271@company.com,Average
272,Yash Rawat,47.0,Female,HR,Gurugram,49101.0,2024-01-13,7,yash.rawat272@company.com,Good
273,Diya Joshi,30.0,Male,Data Analytics,Jaipur,98713.0,2022-08-18,6,diya.joshi273@company.com,Good
274,Naina Gupta,37.0,Other,HR,Chandigarh,35363.0,2023-01-17,5,naina.gupta274@company.com,Excellent
275,Samar Gupta,39.0,Other,Finance,Lucknow,104294.0,2024-10-05,0,samar.gupta275@company.com,Average
276,Chetan Patel,34.0,Female,Marketing,Noida,64739.0,2018-03-04,3,chetan.patel276@company.com,Good
277,Arnav Negi,36.0,Other,Operations,Bengaluru,51805.0,2022-06-13,3,arnav.negi277@company.com,Average
278,Karan Rawat,50.0,Female,Sales,Chandigarh,59283.0,2022-01-13,8,karan.rawat278@company.com,Needs Improvement
279,Priya Singh,51.0,Female,Sales,Chandigarh,73589.0,2021-07-05,6,priya.singh279@company.com,Excellent
280,Shivam Gupta,30.0,Other,IT,Gurugram,101550.0,2024-06-30,11,shivam.gupta280@company.com,Needs Improvement
281,Karan Verma,33.0,Female,Finance,Noida,99683.0,2020-10-03,7,karan.verma281@company.com,Average
282,Isha Negi,52.0,Other,Marketing,Haridwar,71160.0,2019-11-25,2,isha.negi282@company.com,Needs Improvement
283,Bhavya Mehta,24.0,Male,Sales,Delhi,112584.0,2018-07-18,12,bhavya.mehta283@company.com,Excellent
284,Nikhil Verma,35.0,Male,IT,Haridwar,53668.0,2023-09-03,7,nikhil.verma284@company.com,Average
285,Akash Patel,51.0,Male,Operations,Jaipur,25866.0,2023-12-20,8,akash.patel285@company.com,Needs Improvement
286,Aarav Sharma,54.0,Other,Operations,Gurugram,62576.0,2018-03-12,8,aarav.sharma286@company.com,Needs Improvement
287,Bhavya Singh,27.0,Male,Sales,Haridwar,50156.0,2024-12-13,8,bhavya.singh287@company.com,Average
288,Meera Joshi,46.0,Female,IT,Chandigarh,74272.0,2024-05-03,3,meera.joshi288@company.com,Good
289,Kavya Singh,23.0,Female,IT,Lucknow,74436.0,2024-03-13,7,kavya.singh289@company.com,Excellent
290,Tanvi Sharma,31.0,Female,IT,Jaipur,109529.0,2021-09-18,9,tanvi.sharma290@company.com,Excellent
291,Sakshi Sharma,35.0,Female,HR,Bengaluru,60532.0,2018-07-10,1,sakshi.sharma291@company.com,Average
292,Samar Patel,23.0,Male,HR,Chandigarh,52152.0,2024-08-01,2,samar.patel292@company.com,Needs Improvement
293,Ananya Joshi,31.0,Other,Sales,Noida,76007.0,2025-08-05,8,ananya.joshi293@company.com,Average
294,Naina Verma,26.0,Male,Sales,Chandigarh,37803.0,2022-11-26,3,naina.verma294@company.com,Excellent
295,Manish Patel,46.0,Male,Data Analytics,Chandigarh,108115.0,2021-01-24,12,manish.patel295@company.com,Needs Improvement
296,Riya Gupta,43.0,Female,Sales,Lucknow,49345.0,2025-08-16,9,riya.gupta296@company.com,Needs Improvement
297,Anjali Patel,39.0,Other,Data Analytics,Noida,34634.0,2018-12-03,4,anjali.patel297@company.com,Good
298,Naina Verma,45.0,Male,Finance,Gurugram,36995.0,2018-01-22,4,naina.verma298@company.com,Needs Improvement
299,Mohit Joshi,27.0,Male,HR,Dehradun,81489.0,2023-01-13,8,mohit.joshi299@company.com,Needs Improvement
300,Arjun Sharma,26.0,Male,Finance,Mumbai,103240.0,2024-09-15,12,arjun.sharma300@company,Average
301,Naina Sharma,39.0,Male,Marketing,Lucknow,98339.0,2020-09-21,9,naina.sharma301@company.com,Good
302,Vivek Rawat,31.0,Female,HR,Gurugram,60180.0,2023-07-13,2,vivek.rawat302@company.com,Excellent
303,Ayush Rawat,38.0,Female,Marketing,Gurugram,35082.0,2022-01-19,4,ayush.rawat303@company.com,Good
304,Tanvi Negi,33.0,Male,Marketing,Dehradun,64932.0,2018-01-28,6,tanvi.negi304@company.com,Average
305,Sneha Rawat,42.0,Female,Marketing,Chandigarh,110332.0,2024-08-31,2,sneha.rawat305@company.com,Average
306,Khushi Patel,33.0,Male,Marketing,Chandigarh,77198.0,2021-07-31,4,khushi.patel306@company.com,Needs Improvement
307,Shivam Gupta,41.0,Female,Marketing,Gurugram,72843.0,2019-04-12,9,shivam.gupta307@company.com,Good
308,Shreya Mehta,32.0,Male,Operations,Mumbai,85505.0,2025-12-11,3,shreya.mehta308@company.com,Needs Improvement
309,Karan Singh,47.0,Male,Operations,Jaipur,108012.0,2021-05-25,3,karan.singh309@company.com,Average
310,Vikas Verma,48.0,Male,Data Analytics,Lucknow,83860.0,2024-09-15,7,vikas.verma310@company.com,Needs Improvement
311,Samar Mehta,47.0,Female,Sales,Delhi,116964.0,2024-01-09,9,samar.mehta311@company.com,Excellent
312,Arjun Gupta,43.0,Male,HR,Bengaluru,98822.0,2025-03-27,10,arjun.gupta312@company.com,Needs Improvement
313,Manish Rawat,32.0,Female,IT,Dehradun,54098.0,2023-09-23,11,manish.rawat313@company.com,Good
314,Pranav Kumar,46.0,Other,Marketing,Bengaluru,90597.0,2019-09-10,5,pranav.kumar314@company.com,Excellent
315,Rahul Singh,39.0,Male,Marketing,Dehradun,43569.0,2021-11-27,4,rahul.singh315@company.com,Average
316,Priya Gupta,54.0,Female,Marketing,Chandigarh,37795.0,2022-11-30,11,priya.gupta316@company.com,Needs Improvement
317,Khushi Singh,40.0,Male,IT,Dehradun,69967.0,2025-04-08,1,khushi.singh317@company.com,Good
318,Gaurav Mehta,32.0,Female,Sales,Haridwar,98380.0,2022-10-13,7,gaurav.mehta318@company.com,Good
319,Neha Verma,32.0,Female,Unknown,Lucknow,28826.0,2024-11-20,3,neha.verma319@company.com,Needs Improvement
320,Shreya Rawat,45.0,Male,Operations,Noida,61483.0,2025-11-22,12,shreya.rawat320@company.com,Excellent
321,Shivam Singh,55.0,Female,HR,Chandigarh,50830.0,2023-02-18,1,shivam.singh321@company.com,Average
322,Vikas Negi,54.0,Other,Operations,Chandigarh,75939.0,2024-11-08,6,vikas.negi322@company.com,Excellent
323,Meera Kumar,50.0,Other,Sales,Haridwar,117535.0,2021-05-03,9,meera.kumar323@company.com,Excellent
324,Vivek Verma,41.0,Female,IT,Noida,40328.0,2020-01-20,5,vivek.verma324@company.com,Good
325,Rohan Rawat,47.0,Other,Sales,Haridwar,75293.0,2022-09-29,2,rohan.rawat325@company.com,Needs Improvement
326,Tanvi Mehta,32.0,Female,Sales,Haridwar,62858.0,2019-07-29,2,tanvi.mehta326@company.com,Average
327,Pranav Patel,24.0,Male,Data Analytics,Chandigarh,88518.0,2019-07-14,3,pranav.patel327@company.com,Needs Improvement
328,Sameer Mehta,52.0,Female,Marketing,Jaipur,118079.0,2022-01-27,7,sameer.mehta328@company.com,Good
329,Anjali Patel,22.0,Female,Data Analytics,Noida,29285.0,2021-01-30,3,anjali.patel329@company.com,Average
330,Ayush Negi,52.0,Male,Sales,Mumbai,100066.0,2019-04-13,4,ayush.negi330@company.com,Average
331,Samar Sharma,49.0,Female,Sales,Noida,38423.0,2025-05-01,12,samar.sharma331@company.com,Good
332,Kavya Sharma,39.0,Male,Finance,Chandigarh,82549.0,2019-04-26,12,kavya.sharma332@company.com,Good
333,Deepak Patel,43.0,Other,Data Analytics,Bengaluru,81120.0,2019-11-11,9,deepak.patel333@company.com,Good
334,Deepak Gupta,24.0,Other,Sales,Chandigarh,61842.0,2024-09-10,8,deepak.gupta334@company.com,Good
335,Khushi Joshi,39.0,Other,Sales,Gurugram,114037.0,2019-01-26,2,khushi.joshi335@company.com,Needs Improvement
336,Akash Joshi,29.0,Male,Operations,Haridwar,44168.0,2025-12-23,5,akash.joshi336@company.com,Good
337,Vivek Rawat,52.0,Other,HR,Bengaluru,60221.0,2025-01-15,6,vivek.rawat337@company.com,Needs Improvement
338,Pranav Singh,26.0,Other,Marketing,Mumbai,61467.0,2025-10-16,5,pranav.singh338@company.com,Needs Improvement
339,Riya Kumar,21.0,Other,Data Analytics,Dehradun,85089.0,2025-02-13,10,riya.kumar339@company.com,Average
340,Ananya Mehta,46.0,Male,HR,Lucknow,89843.0,2021-01-04,5,ananya.mehta340@company.com,Average
341,Manish Mehta,29.0,Other,Sales,Jaipur,114463.0,2018-07-18,0,manish.mehta341@company.com,Excellent
342,Tanvi Negi,22.0,Female,IT,Haridwar,84836.0,2018-01-03,6,tanvi.negi342@company.com,Good
343,Yash Verma,40.0,Male,HR,Gurugram,110798.0,2022-01-16,4,yash.verma343@company.com,Excellent
344,Mohit Verma,24.0,Other,Marketing,Gurugram,116677.0,2020-08-17,6,mohit.verma344@company.com,Excellent
345,Zoya Singh,21.0,Male,HR,Jaipur,74272.0,2024-08-28,3,zoya.singh345@company.com,Needs Improvement
346,Aarav Sharma,42.0,Female,Data Analytics,Dehradun,115968.0,2019-06-26,7,aarav.sharma346@company.com,Excellent
347,Diya Rawat,26.0,Male,Operations,Dehradun,66071.0,2022-02-14,4,diya.rawat347@company.com,Good
348,Naina Verma,30.0,Other,IT,Mumbai,26110.0,2024-11-04,10,naina.verma348@company.com,Good
349,Pranav Kumar,34.0,Female,Operations,Haridwar,105750.0,2025-09-13,7,pranav.kumar349@company.com,Good
350,Anjali Singh,29.0,Other,Data Analytics,Dehradun,75335.0,2021-12-10,6,anjali.singh350@company.com,Average
351,Aryan Gupta,38.0,Male,Operations,Dehradun,97534.0,2024-09-27,9,aryan.gupta351@company.com,Average
352,Yash Sharma,40.0,Other,HR,Mumbai,91784.0,2020-02-12,11,yash.sharma352@company.com,Needs Improvement
353,Karan Sharma,36.0,Male,Marketing,Gurugram,56599.0,2023-08-09,10,karan.sharma353@company.com,Excellent
354,Sakshi Sharma,44.0,Female,Finance,Haridwar,99498.0,2022-09-20,5,sakshi.sharma354@company.com,Good
355,Rahul Singh,22.0,Male,Sales,Dehradun,59365.0,2020-06-02,0,rahul.singh355@company.com,Excellent
356,Neha Mehta,39.0,Female,Operations,Mumbai,80518.0,2025-11-14,6,neha.mehta356@company.com,Excellent
357,Tanvi Mehta,55.0,Female,Sales,Haridwar,85000.0,2021-06-23,1,tanvi.mehta357@company.com,Good
358,Avni Mehta,41.0,Other,Marketing,Bengaluru,110175.0,2025-08-21,10,avni.mehta358@company.com,Excellent
359,Kavya Rawat,36.0,Male,IT,Noida,81948.0,2019-04-21,7,kavya.rawat359@company.com,Excellent
360,Kavya Verma,28.0,Other,IT,Haridwar,26487.0,2019-11-03,7,kavya.verma360@company.com,Average
361,Sakshi Mehta,37.0,Male,HR,Chandigarh,60227.0,2019-04-29,12,sakshi.mehta361@company.com,Excellent
362,Manish Rawat,38.0,Female,Sales,Dehradun,118365.0,2024-06-19,10,manish.rawat362@company.com,Excellent
363,Riya Negi,53.0,Female,Finance,Delhi,99302.0,2019-11-15,5,riya.negi363@company.com,Good
364,Isha Singh,28.0,Male,HR,Mumbai,30772.0,2018-02-20,3,isha.singh364@company.com,Excellent
365,Rahul Kumar,45.0,Male,HR,Haridwar,97465.0,2026-01-03,11,rahul.kumar365@company.com,Needs Improvement
366,Diya Kumar,36.0,Female,Operations,Chandigarh,35208.0,2024-05-30,5,diya.kumar366@company.com,Excellent
367,Rohan Sharma,32.0,Male,HR,Mumbai,77550.0,2018-10-10,7,rohan.sharma367@company.com,Average
368,Kavya Kumar,26.0,Male,Sales,Jaipur,73354.0,2020-04-01,4,kavya.kumar368@company.com,Average
369,Sneha Gupta,50.0,Female,Finance,Bengaluru,50614.0,2026-03-20,8,sneha.gupta369@company.com,Good
370,Avni Sharma,47.0,Other,IT,Noida,70406.0,2025-02-17,11,avni.sharma370@company.com,Excellent
371,Manish Sharma,45.0,Male,Data Analytics,Gurugram,51895.0,2023-12-11,3,manish.sharma371@company.com,Needs Improvement
372,Riya Sharma,30.0,Male,Operations,Gurugram,30754.0,2020-08-06,8,riya.sharma372@company.com,Needs Improvement
373,Yash Kumar,50.0,Other,Operations,Dehradun,37527.0,2023-09-02,2,yash.kumar373@company.com,Needs Improvement
374,Ananya Patel,24.0,Male,Marketing,Haridwar,63230.0,2020-12-05,5,ananya.patel374@company.com,Needs Improvement
375,Yash Kumar,41.0,Male,Marketing,Gurugram,34789.0,2020-04-10,2,yash.kumar375@company.com,Excellent
376,Avni Singh,31.0,Female,Marketing,Jaipur,78282.0,2019-05-10,8,avni.singh376@company.com,Average
377,Deepak Negi,40.0,Male,Marketing,Gurugram,36851.0,2019-10-08,12,deepak.negi377@company.com,Average
378,Zoya Patel,23.0,Male,HR,Chandigarh,36955.0,2025-12-22,3,zoya.patel378@company.com,Average
379,Neha Mehta,24.0,Female,Operations,Gurugram,47789.0,2018-05-08,6,neha.mehta379@company.com,Needs Improvement
380,Sameer Mehta,36.0,Male,IT,Jaipur,43322.0,2019-05-13,0,sameer.mehta380@company.com,Excellent
381,Diya Verma,33.0,Female,Data Analytics,Lucknow,114952.0,2025-01-25,10,diya.verma381@company.com,Excellent
382,Shreya Patel,37.0,Male,Data Analytics,Dehradun,33450.0,2020-03-20,10,shreya.patel382@company.com,Needs Improvement
383,Aryan Singh,42.0,Female,IT,Delhi,31637.0,2019-11-20,9,aryan.singh383@company.com,Needs Improvement
384,Neha Negi,22.0,Male,Marketing,Lucknow,71392.0,2020-05-29,2,neha.negi384@company.com,Average
385,Ishaan Negi,30.0,Other,IT,Bengaluru,105868.0,2020-10-03,10,ishaan.negi385@company.com,Average
386,Riya Rawat,51.0,Female,IT,Dehradun,75202.0,2019-07-17,6,riya.rawat386@company.com,Good
387,Varun Mehta,36.0,Male,Operations,Mumbai,75134.0,2025-12-31,5,varun.mehta387@company.com,Needs Improvement
388,Samar Negi,43.0,Female,Sales,Mumbai,75905.0,2021-01-12,2,samar.negi388@company.com,Excellent
389,Khushi Patel,35.0,Male,IT,Gurugram,86824.0,2023-12-09,5,khushi.patel389@company.com,Good
390,Ayush Singh,39.0,Female,Operations,Noida,94951.0,2018-08-18,12,ayush.singh390@company.com,Good
391,Shivam Rawat,43.0,Male,Data Analytics,Haridwar,56005.0,2024-08-23,5,shivam.rawat391@company.com,Average
392,Shreya Sharma,43.0,Male,Sales,Bengaluru,98807.0,2020-02-11,12,shreya.sharma392@company.com,Needs Improvement
393,Samar Joshi,32.0,Male,Marketing,Delhi,32362.0,2020-08-10,9,samar.joshi393@company.com,Good
394,Aditi Mehta,51.0,Other,IT,Chandigarh,51406.0,2019-06-19,5,aditi.mehta394@company.com,Good
395,Khushi Sharma,22.0,Other,HR,Bengaluru,43566.0,2019-03-31,8,khushi.sharma395@company.com,Average
396,Ananya Kumar,46.0,Female,Sales,Dehradun,64552.0,2021-08-14,2,ananya.kumar396@company.com,Good
397,Pooja Negi,41.0,Other,HR,Mumbai,105440.0,2022-01-01,3,pooja.negi397@company.com,Good
398,Naina Joshi,39.0,Other,HR,Haridwar,25235.0,2025-11-15,9,naina.joshi398@company.com,Needs Improvement
399,Shivam Sharma,32.0,Other,Sales,Chandigarh,53953.0,2025-03-04,9,shivam.sharma399@company.com,Excellent
400,Riya Verma,42.0,Male,Operations,Dehradun,70457.0,2021-08-01,2,riya.verma400@company.com,Needs Improvement
401,Zoya Kumar,49.0,Male,IT,Gurugram,57707.0,2025-10-10,1,zoya.kumar401@company.com,Average
402,Isha Singh,21.0,Female,IT,Lucknow,80004.0,2019-11-13,6,isha.singh402@company.com,Needs Improvement
403,Naina Kumar,55.0,Female,Unknown,Dehradun,100766.0,2025-04-20,12,naina.kumar403@company.com,Good
404,Ayush Negi,25.0,Female,Data Analytics,Delhi,27631.0,2021-07-29,4,ayush.negi404@company.com,Excellent
405,Ananya Kumar,31.0,Other,Marketing,Haridwar,34830.0,2024-02-19,1,ananya.kumar405@company.com,Average
406,Simran Patel,51.0,Female,Operations,Delhi,110673.0,2019-11-07,9,simran.patel406@company.com,Needs Improvement
407,Ayush Sharma,27.0,Male,Finance,Noida,78645.0,2025-10-26,8,ayush.sharma407@company.com,Average
408,Vikas Joshi,40.0,Male,HR,Dehradun,76498.0,2024-05-30,8,vikas.joshi408@company.com,Needs Improvement
409,Avni Sharma,44.0,Male,IT,Lucknow,63607.0,2025-06-04,10,avni.sharma409@company.com,Needs Improvement
410,Chetan Singh,22.0,Other,HR,Haridwar,63248.0,2018-12-02,7,chetan.singh410@company.com,Excellent
411,Kavya Rawat,51.0,Male,Marketing,Gurugram,109130.0,2024-02-07,6,kavya.rawat411@company.com,Good
412,Mohit Rawat,44.0,Male,HR,Jaipur,59510.0,2022-12-07,7,mohit.rawat412@company.com,Average
413,Diya Joshi,24.0,Male,HR,Dehradun,74272.0,2021-11-09,12,diya.joshi413@company.com,Needs Improvement
414,Shreya Gupta,24.0,Other,Data Analytics,Lucknow,79870.0,2024-01-03,10,shreya.gupta414@company.com,Needs Improvement
415,Shivam Gupta,51.0,Female,Data Analytics,Dehradun,118625.0,2018-05-23,8,shivam.gupta415@company.com,Good
416,Arnav Negi,32.0,Male,HR,Noida,41539.0,2018-06-24,6,arnav.negi416@company.com,Excellent
417,Vivek Rawat,33.0,Other,Data Analytics,Haridwar,58801.0,2021-08-02,11,vivek.rawat417@company.com,Excellent
418,Anjali Rawat,46.0,Female,Sales,Chandigarh,93116.0,2023-02-20,0,anjali.rawat418@company.com,Needs Improvement
419,Arnav Rawat,30.0,Other,HR,Bengaluru,101372.0,2019-02-15,1,arnav.rawat419@company.com,Excellent
420,Karan Mehta,43.0,Female,Marketing,Gurugram,110824.0,2023-06-12,9,karan.mehta420@company.com,Needs Improvement
421,Aditya Verma,38.0,Other,Marketing,Haridwar,104777.0,2025-08-20,11,aditya.verma421@company.com,Needs Improvement
422,Aditya Rawat,42.0,Male,Operations,Mumbai,87287.0,2021-01-05,5,aditya.rawat422@company.com,Excellent
423,Manish Joshi,40.0,Other,Finance,Jaipur,114764.0,2019-02-07,3,manish.joshi423@company.com,Good
424,Kavya Negi,41.0,Other,Finance,Lucknow,109614.0,2019-01-01,3,kavya.negi424@company.com,Needs Improvement
425,Deepak Rawat,52.0,Female,Data Analytics,Mumbai,32367.0,2023-10-12,12,deepak.rawat425@company.com,Good
426,Ananya Joshi,53.0,Other,Marketing,Haridwar,99537.0,2018-04-29,2,ananya.joshi426@company.com,Good
427,Chetan Sharma,36.0,Male,IT,Jaipur,72235.0,2025-11-26,3,chetan.sharma427@company.com,Average
428,Mohit Negi,53.0,Other,Marketing,Dehradun,29005.0,2020-09-17,5,mohit.negi428@company.com,Needs Improvement
429,Simran Negi,32.0,Other,Data Analytics,Jaipur,97264.0,2021-12-03,5,simran.negi429@company.com,Good
430,Isha Singh,39.0,Male,IT,Lucknow,46352.0,2024-06-01,12,isha.singh430@company.com,Good
431,Diya Gupta,34.0,Other,Finance,Lucknow,27628.0,2025-08-26,0,diya.gupta431@company.com,Needs Improvement
432,Aryan Verma,21.0,Other,HR,Gurugram,65037.0,2025-12-29,11,aryan.verma432@company.com,Average
433,Pooja Rawat,43.0,Male,Marketing,Gurugram,86171.0,2021-05-22,10,pooja.rawat433@company.com,Needs Improvement
434,Shreya Singh,21.0,Other,Sales,Chandigarh,109848.0,2022-01-27,9,shreya.singh434@company.com,Average
435,Kavya Singh,51.0,Female,IT,Chandigarh,108964.0,2021-08-24,4,kavya.singh435@company.com,Average
436,Varun Joshi,33.0,Male,HR,Mumbai,32441.0,2024-09-23,6,varun.joshi436@company.com,Average
437,Vivek Verma,22.0,Female,Operations,Jaipur,59003.0,2022-09-11,6,vivek.verma437@company.com,Needs Improvement
438,Aditya Patel,33.0,Other,Finance,Noida,95075.0,2025-02-27,12,aditya.patel438@company.com,Needs Improvement
439,Vikas Kumar,41.0,Other,Finance,Haridwar,98170.0,2020-01-12,4,vikas.kumar439@company.com,Excellent
440,Rahul Verma,37.0,Male,Operations,Mumbai,114091.0,2021-10-06,10,rahul.verma440@company.com,Excellent
441,Diya Kumar,35.0,Female,Operations,Gurugram,68426.0,2022-03-03,4,diya.kumar441@company.com,Average
442,Priya Singh,51.0,Other,IT,Bengaluru,106350.0,2018-10-19,7,priya.singh442@company.com,Good
443,Rohan Singh,45.0,Female,Sales,Gurugram,32086.0,2019-09-10,2,rohan.singh443@company.com,Good
444,Manish Rawat,50.0,Other,HR,Chandigarh,48639.0,2018-11-28,7,manish.rawat444@company.com,Average
445,Tanvi Verma,41.0,Male,Operations,Delhi,84251.0,2021-01-25,3,tanvi.verma445@company.com,Good
446,Shivam Verma,52.0,Male,Data Analytics,Dehradun,105541.0,2022-11-12,10,shivam.verma446@company.com,Needs Improvement
447,Neha Rawat,51.0,Male,Marketing,Delhi,94963.0,2020-03-27,11,neha.rawat447@company.com,Average
448,Aarav Kumar,54.0,Other,HR,Delhi,25540.0,2025-01-10,11,aarav.kumar448@company.com,Good
449,Diya Kumar,40.0,Female,HR,Dehradun,90973.0,2024-08-08,4,diya.kumar449@company.com,Good
450,Ananya Sharma,40.0,Other,Finance,Jaipur,93195.0,2024-09-08,8,ananya.sharma450@company.com,Average
451,Pooja Verma,42.0,Male,Marketing,Chandigarh,46611.0,2022-07-11,0,pooja.verma451@company.com,Good
452,Diya Verma,39.0,Other,Operations,Delhi,91143.0,2019-11-24,1,diya.verma452@company.com,Average
453,Zoya Sharma,45.0,Other,Operations,Gurugram,106675.0,2018-07-19,9,zoya.sharma453@company.com,Excellent
454,Vikas Singh,22.0,Female,IT,Dehradun,83237.0,2022-04-07,1,vikas.singh454@company.com,Average
455,Rahul Verma,34.0,Female,Operations,Delhi,80164.0,2025-06-03,1,rahul.verma455@company.com,Average
456,Sneha Patel,29.0,Other,Marketing,Dehradun,119210.0,2024-12-05,1,sneha.patel456@company.com,Average
457,Arnav Singh,52.0,Male,HR,Bengaluru,59471.0,2023-11-13,3,arnav.singh457@company.com,Average
458,Zoya Rawat,39.0,Other,HR,Delhi,90058.0,2020-04-30,11,zoya.rawat458@company.com,Needs Improvement
459,Manish Gupta,21.0,Male,IT,Dehradun,100255.0,2025-07-03,7,manish.gupta459@company.com,Good
460,Anjali Mehta,25.0,Female,Data Analytics,Dehradun,109454.0,2020-08-04,7,anjali.mehta460@company.com,Average
461,Isha Negi,24.0,Male,IT,Haridwar,63085.0,2022-01-15,12,isha.negi461@company.com,Average
462,Pooja Singh,27.0,Male,Data Analytics,Delhi,43139.0,2025-06-10,10,pooja.singh462@company.com,Good
463,Manish Kumar,49.0,Other,Sales,Gurugram,37183.0,2022-03-07,5,manish.kumar463@company.com,Good
464,Arnav Rawat,46.0,Female,Marketing,Gurugram,115426.0,2023-05-13,12,arnav.rawat464@company.com,Needs Improvement
465,Varun Verma,28.0,Male,HR,Delhi,38593.0,2022-09-01,9,varun.verma465@company.com,Needs Improvement
466,Shivam Negi,32.0,Female,Sales,Lucknow,105131.0,2018-04-29,10,shivam.negi466@company.com,Good
467,Rahul Negi,28.0,Male,Marketing,Jaipur,33301.0,2020-12-07,10,rahul.negi467@company.com,Average
468,Aarav Mehta,35.0,Other,Operations,Chandigarh,91000.0,2025-09-20,11,aarav.mehta468@company.com,Excellent
469,Pooja Gupta,51.0,Male,Finance,Lucknow,74272.0,2024-11-15,0,pooja.gupta469@company.com,Excellent
470,Varun Verma,53.0,Female,Data Analytics,Jaipur,46679.0,2018-11-03,12,varun.verma470@company.com,Needs Improvement
471,Khushi Gupta,42.0,Other,Finance,Delhi,54190.0,2024-03-04,10,khushi.gupta471@company.com,Needs Improvement
472,Neha Gupta,26.0,Other,Marketing,Jaipur,83733.0,2018-12-27,7,neha.gupta472@company.com,Needs Improvement
473,Khushi Singh,52.0,Male,Operations,Delhi,77879.0,2022-08-16,0,khushi.singh473@company.com,Excellent
474,Anjali Patel,40.0,Male,Sales,Mumbai,110799.0,2025-07-13,7,anjali.patel474@company.com,Average
475,Mohit Sharma,35.0,Female,Data Analytics,Jaipur,98420.0,2024-12-13,9,mohit.sharma475@company.com,Needs Improvement
476,Zoya Kumar,49.0,Other,IT,Dehradun,54064.0,2018-01-09,5,zoya.kumar476@company.com,Average
477,Tanvi Joshi,54.0,Male,Finance,Dehradun,46516.0,2023-07-10,2,tanvi.joshi477@company.com,Needs Improvement
478,Arjun Joshi,33.0,Female,HR,Dehradun,53257.0,2023-02-16,12,arjun.joshi478@company.com,Good
479,Zoya Kumar,27.0,Male,Data Analytics,Lucknow,108000.0,2025-07-16,9,zoya.kumar479@company.com,Excellent
480,Pranav Negi,53.0,Male,HR,Jaipur,94515.0,2018-07-18,8,pranav.negi480@company.com,Needs Improvement
481,Shreya Negi,53.0,Other,Data Analytics,Haridwar,100832.0,2019-12-13,11,shreya.negi481@company.com,Good
482,Arjun Rawat,41.0,Female,Sales,Lucknow,104822.0,2025-10-07,12,arjun.rawat482@company.com,Good
483,Ishaan Rawat,42.0,Male,Finance,Jaipur,43111.0,2022-08-18,9,ishaan.rawat483@company.com,Average
484,Yash Mehta,41.0,Other,Operations,Mumbai,53487.0,2020-04-02,3,yash.mehta484@company.com,Average
485,Vivek Kumar,29.0,Other,Operations,Haridwar,96105.0,2025-10-14,10,vivek.kumar485@company.com,Average
486,Zoya Singh,43.0,Other,Sales,Jaipur,99794.0,2025-06-25,11,zoya.singh486@company.com,Needs Improvement
487,Vivek Mehta,39.0,Male,Data Analytics,Lucknow,93515.0,2019-03-13,0,vivek.mehta487@company.com,Needs Improvement
488,Avni Sharma,24.0,Male,HR,Gurugram,62567.0,2025-08-31,4,avni.sharma488@company.com,Good
489,Akash Joshi,34.0,Male,Data Analytics,Mumbai,72013.0,2023-01-28,1,akash.joshi489@company.com,Good
490,Varun Mehta,45.0,Other,HR,Mumbai,62701.0,2025-10-09,10,varun.mehta490@company.com,Excellent
